processed_txt,finbert_sentiment,claude_sentiment
"Inflation data, retail sales, Walmart earnings await a jumpy stock market: What to know this week",positive,neutral
Whipsaw week for stocks leaves markets 'on edge' ahead of busy economic data week,neutral,negative
"Down Between 12% and 24% From Their 52-Week Highs, 3 Magnificent Dow Dividend Stocks to Buy Now",negative,mixed
Traders Bet on Wild Swings With CPI Print Set to Test the Market,neutral,neutral
"Down 60% This Year, Is Intel Stock a Bargain Buy?",positive,mixed
Is Starbucks' Stock in Trouble?,negative,negative
These 9 Dividend ETFs Are a Retiree's Best Friend,positive,positive
Dow Jones Futures Due: Market Rally Setting Up; These Stocks Are Near Buy Points As Nvidia Struggles,positive,mixed
Will Berkshire Hathaway Reach a Trillion-Dollar Market Cap in 2025?,neutral,neutral
1 No-Brainer Growth Stock I Can't Wait to Buy Again if the Market Crashes,positive,mixed
"The Nasdaq Sell-Off Has Accelerated, and History Suggests It'll Get Worse in the Coming Months",negative,negative
3 High-Yield Dividend ETFs to Buy to Generate Passive Income,neutral,positive
"Stock Split Prediction: 2 Artificial Intelligence (AI) Stocks Will Split After Nvidia, Broadcom, and Super Micro",neutral,neutral
Worried About the Stock Market? 1 Surefire ETF You Can't Go Wrong With,negative,mixed
Buckle up! More market excitement is coming,neutral,neutral
Warren Buffett Just Sold Half of His Apple Stock. 3 Reasons Not to Panic.,neutral,mixed
3 Stock-Split Stocks to Buy Hand Over Fist Before They Soar as Much as 204% According to Select Wall Street Analysts,neutral,positive
2 Unstoppable Growth Stocks That Could Crush the S&P 500 Over the Next 5 Years,positive,positive
"If You Invested $1000 In Simon Property Stock 20 Years Ago, How Much Would You Have Now?",neutral,neutral
Warren Buffett Just Sent a $277 Billion Warning to Stock Investors,negative,negative
"Dave Ramsey Says Take Social Security at Age 62, But Only If You Do This With Each Check",neutral,neutral
2 Billionaire-Held Stocks That Could Outperform the S&P 500 Over the Next 5 Years,positive,positive
"Down 20% in 2024, Is Ford Stock a Buy On This Dip?",positive,mixed
Earnings Growth in US Finally Showing Up Outside Tech Megacaps,positive,positive
The stock market suffers another August scare. Here are the lessons for investors.,neutral,mixed
"Where stocks may be headed after a wild week, according to the options market",neutral,neutral
Market volatility goes both ways: Chart of the Week,neutral,neutral
Will the Stock Market Soar If the Fed Cuts Rates in September? Here's What History Shows.,negative,neutral
Market Turmoil Revives Age-Old Question: Should You Buy the Dip?,neutral,neutral
Where Will Home Depot Stock Be in 5 Years?,neutral,neutral
Weekly market recap: Here's how S&P 500 sectors performed last week,neutral,neutral
"Meet the Newest Stock-Split Stock in the S&P 500. It Soared 500% Since Last Year, and Wall Street Says It's Still a Buy Right Now.",positive,positive
Is the Vanguard Information Technology ETF a Millionaire Maker?,neutral,neutral
Recession predictions reset after market scare,negative,negative
The Market Is Scary. These Stocks and Bonds Can Protect Your Portfolio.,positive,mixed
Stocks Brought a Week of Whiplash. It Might Not Be Over Yet.,neutral,negative
Why Nu Skin Enterprises Stock Flopped on Friday,negative,negative
Why American Axle & Manufacturing Stock Rocketed Nearly 5% Higher Today,positive,positive
Retail Earnings Loom: A Preview,neutral,neutral
"Recession concerns, treasury yields, & more: What's moving markets",neutral,mixed
HudBay Minerals (HBM) Surpasses Market Returns: Some Facts Worth Knowing,positive,positive
"Bitcoin rebound, markets recover: Market Domination",positive,positive
The Stock Market's Wild Week Was a Wake-Up Call. What to Do Now.,neutral,neutral
"Streaming wars, tech sector rebound: Asking for a Trend",positive,positive
Trip.com (TCOM) Stock Falls Amid Market Uptick: What Investors Need to Know,negative,mixed
This pullback was long overdue: Strategist,positive,neutral
"JD.com, Inc. (JD) Stock Dips While Market Gains: Key Facts",positive,negative
"Bit Digital, Inc. (BTBT) Stock Sinks As Market Gains: What You Should Know",positive,negative
"Tech still reigns, bond yields bounce back: Market trends",positive,mixed
S&P 500 Gains and Losses Today: Expedia Soars as International Demand Drives Earnings Beat,positive,positive
"Stock Market Week: A Look At U.S. And China Consumers, And These Fast-Moving Stocks",neutral,neutral
What Stock Market Crash? This Week Turned Out (Mostly) Fine.,positive,positive
Equities Rise as Markets Analyze Fed Official's Remarks,neutral,positive
"S&P 500 Posts Slight Weekly Loss; Materials, Consumer Discretionary Weigh While Industrials, Energy Climb",negative,mixed
Stocks Make Comeback at End of Dizzying Week: Markets Wrap,neutral,positive
US Equity Indexes Fall This Week as Monday's Sell-off Too Deep for Supportive Data to Engineer V-Shaped Recovery,negative,negative
"How major US stock indexes fared Friday, 8/9/2024",neutral,neutral
Global Markets Go on Wild Ride in Week Marked by Forced Selling,negative,negative
"Stocks close higher, mostly recovered from Monday sell-off",positive,positive
Stock Market Today: S&P 500 rises as tech leads recovery after tumultuous week,positive,positive
Markets saw a massive shift this week. Here's what happened,neutral,neutral
"S&P 500 Gains 0.5%, Nearly Breaking Even for the Week",positive,positive
7 Best Stocks For Magnificent Earnings Growth Next Year,positive,positive
This econ. climate should be 'fertile for stocks': Strategist,positive,positive
Hennessy Japan Fund Commentary- Japan: Land of Opportunity Potential,neutral,positive
Will Homebuilding ETFs Have Their Moment Now?,neutral,neutral
Equities Rise Intraday as Markets Weigh Fed Official's Comments,negative,positive
"S&P 500 Pulls Back, Heads Toward Weekly Decline.",negative,negative
"If You Invested $1000 In Netflix Stock 20 Years Ago, How Much Would You Have Now?",neutral,neutral
"Fed rate cut odds, consumer spending: Wealth!",negative,neutral
"Volatile week for stocks, where investors are buying: Catalysts",neutral,neutral
"Midday movers: Expedia, Sweetgreen, Eli Lilly up; Nvidia, Intel down",negative,mixed
"S&P 500 Gains, Wiping Out Monday's Drop",negative,positive
"US Equity Indexes Rise, Treasury Yields Mixed in Choppy Trading",negative,mixed
Can the 'Magnificent Seven' Stocks Rebound From Their Longest Slump in Years?,positive,mixed
Healthcare Stocks Are Turning Around. Here Are the Latest Winners.,positive,positive
"FTSE 100 poised to be 'winner' in stocks turmoil, says JP Morgan",positive,positive
3 Wood Stocks Worth Watching Despite a Challenging Industry,positive,mixed
"Top Stock Movers Now: Sweetgreen, Intel, Akamai Technologies, and More",neutral,neutral
Defense Stocks Fly To Stratospheric Heights Amid Sector Rotation,neutral,positive
'Don't overreact to market volatility': Strategist,negative,neutral
US Equity Indexes Slide in Midday Trading,neutral,negative
Surging Earnings Estimates Signal Upside for ZIM (ZIM) Stock,positive,positive
Why Payoneer Global (PAYO) Might be Well Poised for a Surge,positive,positive
Why Inspire (INSP) Might be Well Poised for a Surge,positive,positive
Earnings Estimates Moving Higher for Life Time Group Holdings (LTH): Time to Buy?,positive,positive
Summers 'Appalled' at Idea of Presidential Sway Over Fed Policy,neutral,negative
S&P 500 to drop to 3750 in 2025: BCA,negative,negative
3 stocks retail investors turned to when stocks fell this week,negative,neutral
The yen carry trade's impact on the markets this week,neutral,neutral
3 Promising mREIT Stocks to Buy as Industry Gains Momentum,positive,positive
"Bitcoin Briefly Climbs To $61K Then Seesaws, Mirroring Stock Market Movements",positive,mixed
Dow Ticks Up. It's a Summer Friday for the Stock Market.,neutral,neutral
Volatility Pros Say Record VIX Surge on Monday Was a Head Fake,positive,positive
The labor market and economy are not collapsing: Strategist,neutral,positive
"Google Has Been Ruled a Monopoly. On the Internet, It May Not Matter.",positive,mixed
Market will 'continue to churn' until the election: Ed Yardeni,negative,negative
3 Steel Producer Stocks to Watch Amid Industry Challenges,neutral,mixed
"Stocks open lower, Wall Street's 'fear gauge' dips below 25",negative,mixed
Buffett's Apple Share Dump Is Set to Reshape Major Stock Gauges,negative,neutral
"Stock market today: S&P 500, Nasdaq rise, nearly wiping out week's losses in wild turnaround",positive,positive
Stocks Open Lower to Close Out a Volatile Trading Week,negative,negative
"Tech stocks, bitcoin above $60k, Powell under fire: 3 things",positive,mixed
"Stock Market News for Aug 9, 2024",,
